size,family,instance,method,planned_runs,completed_runs,feasible_runs,feasibility_rate,bks_hits,bks_hit_rate,bks_vehicles,bks_distance,best_seed,best_vehicles,best_distance,median_seed,median_vehicles,median_distance,mean_vehicles,std_vehicles,min_vehicles,max_vehicles,mean_distance,std_distance,min_distance,max_distance,mean_bks_time_seconds,median_bks_time_seconds
100,LC,lc101,cbls_naive,3,3,3,1.0,3,1.0,10,828.94,41,10,828.9368669428341,42,10,828.9368669428341,10.0,0.0,10.0,10.0,828.9368669428341,0.0,828.9368669428341,828.9368669428341,0.004454781333333334,0.004495232
100,LC,lc101,cbls_icn,3,3,3,1.0,3,1.0,10,828.94,41,10,828.9368669428341,42,10,828.9368669428341,10.0,0.0,10.0,10.0,828.9368669428341,0.0,828.9368669428341,828.9368669428341,0.004646773,0.004577081
100,LC,lc101,cbls_direct,3,3,3,1.0,3,1.0,10,828.94,41,10,828.9368669428341,42,10,828.9368669428341,10.0,0.0,10.0,10.0,828.9368669428341,0.0,828.9368669428341,828.9368669428341,0.004717613,0.004800991
100,LC,lc101,hybrid_specialized_icn,3,3,3,1.0,3,1.0,10,828.94,41,10,828.9368669428341,42,10,828.9368669428341,10.0,0.0,10.0,10.0,828.9368669428341,0.0,828.9368669428341,828.9368669428341,0.004430988,0.004338861
100,LC,lc101,hybrid_bridged_icn,3,3,3,1.0,3,1.0,10,828.94,41,10,828.9368669428341,42,10,828.9368669428341,10.0,0.0,10.0,10.0,828.9368669428341,0.0,828.9368669428341,828.9368669428341,0.004822676666666667,0.004838286
100,LC,lc101,highs_native,3,3,3,1.0,3,1.0,10,828.94,41,10,828.9368669428341,42,10,828.9368669428341,10.0,0.0,10.0,10.0,828.9368669428341,0.0,828.9368669428341,828.9368669428341,0.003941032,0.003938716
100,LC,lc101,highs_portfolio,3,3,3,1.0,3,1.0,10,828.94,41,10,828.9368669428341,42,10,828.9368669428341,10.0,0.0,10.0,10.0,828.9368669428341,0.0,828.9368669428341,828.9368669428341,0.004541612666666667,0.004532209
100,LC,lc101,cbls_icn_fused_scalar,3,3,3,1.0,3,1.0,10,828.94,41,10,828.9368669428341,42,10,828.9368669428341,10.0,0.0,10.0,10.0,828.9368669428341,0.0,828.9368669428341,828.9368669428341,0.004678624333333333,0.004553889
100,LC,lc101,cbls_icn_fused_all,3,3,3,1.0,3,1.0,10,828.94,41,10,828.9368669428341,42,10,828.9368669428341,10.0,0.0,10.0,10.0,828.9368669428341,0.0,828.9368669428341,828.9368669428341,0.004458649666666667,0.004455579
100,LC,lc101,cbls_mix_strategy,3,3,3,1.0,3,1.0,10,828.94,41,10,828.9368669428341,42,10,828.9368669428341,10.0,0.0,10.0,10.0,828.9368669428341,0.0,828.9368669428341,828.9368669428341,0.004678812333333334,0.004746557
100,LC,lc101,mixed_balanced,3,3,3,1.0,3,1.0,10,828.94,41,10,828.9368669428341,42,10,828.9368669428341,10.0,0.0,10.0,10.0,828.9368669428341,0.0,828.9368669428341,828.9368669428341,0.004558938666666667,0.004502956
100,LC,lc101,mixed_ls_heavy,3,3,3,1.0,3,1.0,10,828.94,41,10,828.9368669428341,42,10,828.9368669428341,10.0,0.0,10.0,10.0,828.9368669428341,0.0,828.9368669428341,828.9368669428341,0.004735021,0.004622405
100,LR,lr101,cbls_naive,3,3,3,1.0,0,0.0,19,1650.8,41,19,1685.9593264965213,42,20,1695.137601480902,19.666666666666668,0.5773502691896258,19.0,20.0,1692.0781764861085,5.29907953292865,1685.9593264965213,1695.137601480902,-1.0,-1.0
100,LR,lr101,cbls_icn,3,3,3,1.0,0,0.0,19,1650.8,41,19,1685.9593264965213,42,20,1695.137601480902,19.666666666666668,0.5773502691896258,19.0,20.0,1692.0781764861085,5.29907953292865,1685.9593264965213,1695.137601480902,-1.0,-1.0
100,LR,lr101,cbls_direct,3,3,3,1.0,0,0.0,19,1650.8,41,19,1685.9593264965213,42,20,1695.137601480902,19.666666666666668,0.5773502691896258,19.0,20.0,1692.0781764861085,5.29907953292865,1685.9593264965213,1695.137601480902,-1.0,-1.0
100,LR,lr101,hybrid_specialized_icn,3,3,3,1.0,1,0.3333333333333333,19,1650.8,41,19,1650.7992395710683,42,19,1671.5764898545804,19.333333333333332,0.5773502691896258,19.0,20.0,1667.7101647548698,15.347466431021456,1650.7992395710683,1680.7547648389611,0.256240559,0.256240559
100,LR,lr101,hybrid_bridged_icn,3,3,3,1.0,1,0.3333333333333333,19,1650.8,41,19,1650.7992395710683,42,19,1681.7955293594778,19.333333333333332,0.5773502691896258,19.0,20.0,1674.522857758135,21.051549297771956,1650.7992395710683,1690.973804343859,0.716724891,0.716724891
100,LR,lr101,highs_native,3,3,3,1.0,1,0.3333333333333333,19,1650.8,43,19,1650.7992395710683,41,21,1900.4077026997777,20.333333333333332,1.1547005383792515,19.0,21.0,1817.2048816568747,144.11151337936917,1650.7992395710683,1900.4077026997777,3.804455652,3.804455652
100,LR,lr101,highs_portfolio,3,3,3,1.0,3,1.0,19,1650.8,41,19,1650.7992395710683,42,19,1650.7992395710683,19.0,0.0,19.0,19.0,1650.7992395710683,0.0,1650.7992395710683,1650.7992395710683,4.749135043333333,4.544187517
100,LR,lr101,cbls_icn_fused_scalar,3,3,3,1.0,0,0.0,19,1650.8,41,19,1685.9593264965213,42,20,1695.137601480902,19.666666666666668,0.5773502691896258,19.0,20.0,1692.0781764861085,5.29907953292865,1685.9593264965213,1695.137601480902,-1.0,-1.0
100,LR,lr101,cbls_icn_fused_all,3,3,3,1.0,0,0.0,19,1650.8,41,19,1685.9593264965213,42,20,1695.137601480902,19.666666666666668,0.5773502691896258,19.0,20.0,1692.0781764861085,5.29907953292865,1685.9593264965213,1695.137601480902,-1.0,-1.0
100,LR,lr101,cbls_mix_strategy,3,3,3,1.0,0,0.0,19,1650.8,41,19,1685.9593264965213,42,20,1695.137601480902,19.666666666666668,0.5773502691896258,19.0,20.0,1692.0781764861085,5.29907953292865,1685.9593264965213,1695.137601480902,-1.0,-1.0
100,LR,lr101,mixed_balanced,3,3,3,1.0,3,1.0,19,1650.8,41,19,1650.7992395710683,42,19,1650.7992395710683,19.0,0.0,19.0,19.0,1650.7992395710683,0.0,1650.7992395710683,1650.7992395710683,3.3262181883333333,4.715800345
100,LR,lr101,mixed_ls_heavy,3,3,3,1.0,1,0.3333333333333333,19,1650.8,43,19,1650.7992395710683,41,19,1671.5764898545804,19.333333333333332,0.5773502691896258,19.0,20.0,1660.7844146603659,10.412101044957836,1650.7992395710683,1671.5764898545804,4.904653343,4.904653343
100,LRC,lrc101,cbls_naive,3,3,3,1.0,0,0.0,14,1708.8,41,16,1790.4892101010673,42,17,1797.545023257304,16.666666666666668,0.5773502691896258,16.0,17.0,1795.1930855385583,4.073675625104894,1790.4892101010673,1797.545023257304,-1.0,-1.0
100,LRC,lrc101,cbls_icn,3,3,3,1.0,0,0.0,14,1708.8,41,16,1790.4892101010673,42,17,1797.545023257304,16.666666666666668,0.5773502691896258,16.0,17.0,1795.1930855385583,4.073675625104894,1790.4892101010673,1797.545023257304,-1.0,-1.0
100,LRC,lrc101,cbls_direct,3,3,3,1.0,0,0.0,14,1708.8,41,16,1790.4892101010673,42,17,1797.545023257304,16.666666666666668,0.5773502691896258,16.0,17.0,1795.1930855385583,4.073675625104894,1790.4892101010673,1797.545023257304,-1.0,-1.0
100,LRC,lrc101,hybrid_specialized_icn,3,3,3,1.0,0,0.0,14,1708.8,43,15,1735.6052466492567,42,16,1766.2461512397535,16.0,1.0,15.0,17.0,1764.159577502911,27.570326142918393,1735.6052466492567,1790.627334619723,-1.0,-1.0
100,LRC,lrc101,hybrid_bridged_icn,3,3,3,1.0,0,0.0,14,1708.8,42,16,1766.2461512397535,41,17,1790.627334619723,16.666666666666668,0.5773502691896258,16.0,17.0,1783.4327853594798,14.949643662350542,1766.2461512397535,1793.424870218963,-1.0,-1.0
100,LRC,lrc101,highs_native,3,3,3,1.0,0,0.0,14,1708.8,41,19,2143.5026830234387,42,19,2143.5026830234387,19.0,0.0,19.0,19.0,2143.5026830234387,0.0,2143.5026830234387,2143.5026830234387,-1.0,-1.0
100,LRC,lrc101,highs_portfolio,3,3,3,1.0,0,0.0,14,1708.8,41,19,2143.5026830234387,42,19,2143.5026830234387,19.0,0.0,19.0,19.0,2143.5026830234387,0.0,2143.5026830234387,2143.5026830234387,-1.0,-1.0
100,LRC,lrc101,cbls_icn_fused_scalar,3,3,3,1.0,0,0.0,14,1708.8,41,16,1790.4892101010673,42,17,1797.545023257304,16.666666666666668,0.5773502691896258,16.0,17.0,1795.1930855385583,4.073675625104894,1790.4892101010673,1797.545023257304,-1.0,-1.0
100,LRC,lrc101,cbls_icn_fused_all,3,3,3,1.0,0,0.0,14,1708.8,41,16,1790.4892101010673,42,17,1797.545023257304,16.666666666666668,0.5773502691896258,16.0,17.0,1795.1930855385583,4.073675625104894,1790.4892101010673,1797.545023257304,-1.0,-1.0
100,LRC,lrc101,cbls_mix_strategy,3,3,3,1.0,0,0.0,14,1708.8,41,16,1790.4892101010673,42,17,1793.424870218963,16.666666666666668,0.5773502691896258,16.0,17.0,1792.446316846331,1.6949041593162861,1790.4892101010673,1793.424870218963,-1.0,-1.0
100,LRC,lrc101,mixed_balanced,3,3,3,1.0,0,0.0,14,1708.8,43,15,1735.6052466492567,42,16,1766.2461512397535,16.0,1.0,15.0,17.0,1764.6841066686093,28.3301536854116,1735.6052466492567,1792.2009221168173,-1.0,-1.0
100,LRC,lrc101,mixed_ls_heavy,3,3,3,1.0,0,0.0,14,1708.8,41,16,1790.4892101010673,43,17,1793.424870218963,16.666666666666668,0.5773502691896258,16.0,17.0,1793.8197011924447,3.5444383824727064,1790.4892101010673,1797.545023257304,-1.0,-1.0
